{"cameraMode":{"drawMode":0,"name":"Shaded","section":"Shading Mode"},"sceneLighting":true,"audioPlay":false,"sceneViewState":{"showFog":true,"showMaterialUpdate":true,"showSkybox":true,"showFlares":true,"showImageEffects":true,"showParticleSystems":true},"in2DMode":false,"pivot":{"x":8.693115234375,"y":-0.566162109375,"z":-4.8720703125},"rotation":{"x":-0.079422727227211,"y":-0.4370226562023163,"z":0.03877921774983406,"w":-0.8951011896133423},"size":11.20781421661377,"orthographic":true}