{"cameraMode":{"drawMode":0,"name":"Shaded","section":"Shading Mode"},"sceneLighting":false,"audioPlay":false,"sceneViewState":{"showFog":true,"showMaterialUpdate":false,"showSkybox":false,"showFlares":true,"showImageEffects":true,"showParticleSystems":true},"in2DMode":false,"pivot":{"x":3.2983436584472658,"y":0.23203277587890626,"z":-10.290496826171875},"rotation":{"x":-0.11200186610221863,"y":-0.7583147287368774,"z":0.13511572778224946,"w":-0.6278908252716065},"size":39.42840576171875,"orthographic":true}