{"cameraMode":{"drawMode":0,"name":"Shaded","section":"Shading Mode"},"sceneLighting":false,"audioPlay":false,"sceneViewState":{"showFog":true,"showMaterialUpdate":true,"showSkybox":false,"showFlares":true,"showImageEffects":true,"showParticleSystems":true},"in2DMode":false,"pivot":{"x":-12.998735427856446,"y":16.0787410736084,"z":110.40943908691406},"rotation":{"x":-0.2570301592350006,"y":0.08568602055311203,"z":-0.022884977981448175,"w":-0.9623265862464905},"size":3.3591413497924806,"orthographic":true}