{"cameraMode":{"drawMode":0,"name":"Shaded","section":"Shading Mode"},"sceneLighting":true,"audioPlay":false,"sceneViewState":{"showFog":true,"showMaterialUpdate":false,"showSkybox":false,"showFlares":true,"showImageEffects":true,"showParticleSystems":true},"in2DMode":false,"pivot":{"x":-6.570556640625,"y":0.30078125,"z":10.572021484375},"rotation":{"x":-0.19408176839351655,"y":0.39561861753463747,"z":-0.08601612597703934,"w":-0.8935927748680115},"size":0.740187406539917,"orthographic":true}