{"cameraMode":{"drawMode":0,"name":"Shaded","section":"Shading Mode"},"sceneLighting":false,"audioPlay":false,"sceneViewState":{"showFog":true,"showMaterialUpdate":false,"showSkybox":false,"showFlares":true,"showImageEffects":true,"showParticleSystems":true},"in2DMode":false,"pivot":{"x":3.0140380859375,"y":-0.7889404296875,"z":-10.32891845703125},"rotation":{"x":-0.11200186610221863,"y":-0.7583147287368774,"z":0.13511572778224946,"w":-0.6278908252716065},"size":0.9844253659248352,"orthographic":true}