{"cameraMode":{"drawMode":0,"name":"Shaded","section":"Shading Mode"},"sceneLighting":false,"audioPlay":false,"sceneViewState":{"showFog":true,"showMaterialUpdate":false,"showSkybox":false,"showFlares":true,"showImageEffects":true,"showParticleSystems":true},"in2DMode":false,"pivot":{"x":712.4299926757813,"y":2.2256534099578859,"z":26.49242401123047},"rotation":{"x":-0.10787228494882584,"y":-0.237103670835495,"z":0.026501482352614404,"w":-0.965114176273346},"size":1.271340250968933,"orthographic":false}