{"cameraMode":{"drawMode":0,"name":"Shaded","section":"Shading Mode"},"sceneLighting":false,"audioPlay":false,"sceneViewState":{"showFog":true,"showMaterialUpdate":false,"showSkybox":false,"showFlares":true,"showImageEffects":true,"showParticleSystems":true},"in2DMode":false,"pivot":{"x":712.4299926757813,"y":2.2256534099578859,"z":26.49242401123047},"rotation":{"x":-0.0038196661043912174,"y":-0.662757396697998,"z":-0.003382801078259945,"w":0.7488265037536621},"size":1.271340250968933,"orthographic":true}