{"cameraMode":{"drawMode":0,"name":"Shaded","section":"Shading Mode"},"sceneLighting":false,"audioPlay":false,"sceneViewState":{"showFog":true,"showMaterialUpdate":false,"showSkybox":false,"showFlares":true,"showImageEffects":true,"showParticleSystems":true},"in2DMode":false,"pivot":{"x":0.00033545494079589844,"y":1.3446205854415894,"z":9.165987014770508},"rotation":{"x":0.0024289193097501995,"y":0.9975711107254028,"z":-0.04731829836964607,"w":0.05121592804789543},"size":2.468062400817871,"orthographic":true}