{"cameraMode":{"drawMode":0,"name":"Shaded","section":"Shading Mode"},"sceneLighting":false,"audioPlay":false,"sceneViewState":{"showFog":true,"showMaterialUpdate":false,"showSkybox":false,"showFlares":true,"showImageEffects":true,"showParticleSystems":true},"in2DMode":false,"pivot":{"x":1.32304048538208,"y":1.2270362377166749,"z":1.1754488945007325},"rotation":{"x":0.03415045887231827,"y":-0.33880168199539187,"z":0.012312506325542927,"w":0.9401780962944031},"size":2.558715343475342,"orthographic":false}